{"TimeStamp":1631589816.9624248,"Delay":0.799175500869751,"Size":539}
{"TimeStamp":1631589816.9624248,"Delay":1.2504963874816895,"Size":539}
{"TimeStamp":1631589816.9624248,"Delay":0.05541729927062988,"Size":539}
{"TimeStamp":1631589816.9624248,"Delay":1.709648847579956,"Size":539}
{"TimeStamp":1631589816.9624248,"Delay":0.19579124450683594,"Size":539}
{"TimeStamp":1631589816.9624248,"Delay":1.9632306098937988,"Size":539}
{"TimeStamp":1631589818.182626,"Delay":0,"Size":89}
{"TimeStamp":1631589818.2783842,"Delay":0.0009984970092773438,"Size":90}
{"TimeStamp":1631589818.558969,"Delay":0.0013036727905273438,"Size":90}
{"TimeStamp":1631589818.5863986,"Delay":0.00048661231994628906,"Size":89}
{"TimeStamp":1631589818.930239,"Delay":0.0003676414489746094,"Size":90}
{"TimeStamp":1631589819.0057204,"Delay":0,"Size":90}
{"TimeStamp":1631589819.361814,"Delay":0.00036907196044921875,"Size":89}
{"TimeStamp":1631589819.4716368,"Delay":0.0007345676422119141,"Size":90}
{"TimeStamp":1631589819.563957,"Delay":0.0004391670227050781,"Size":90}
{"TimeStamp":1631589819.595065,"Delay":0,"Size":89}
{"TimeStamp":1631589819.8125877,"Delay":0,"Size":90}
{"TimeStamp":1631589819.8910754,"Delay":0.00042700767517089844,"Size":90}
{"TimeStamp":1631589820.154324,"Delay":0,"Size":89}
{"TimeStamp":1631589820.4826002,"Delay":0.0006468296051025391,"Size":90}
{"TimeStamp":1631589820.966761,"Delay":0.0015451908111572266,"Size":89}
{"TimeStamp":1631589821.2090795,"Delay":0.0005052089691162109,"Size":90}
{"TimeStamp":1631589821.4537942,"Delay":0,"Size":90}
{"TimeStamp":1631589821.5876107,"Delay":0.001077413558959961,"Size":90}
{"TimeStamp":1631589821.6130311,"Delay":0.0033996105194091797,"Size":90}
{"TimeStamp":1631589821.870016,"Delay":0.0002536773681640625,"Size":90}
{"TimeStamp":1631589822.3168626,"Delay":0.0019960403442382812,"Size":90}
{"TimeStamp":1631589822.441094,"Delay":0.0049479007720947266,"Size":89}
{"TimeStamp":1631589822.4949489,"Delay":0,"Size":90}
{"TimeStamp":1631589822.9238708,"Delay":0.0005538463592529297,"Size":89}
{"TimeStamp":1631589822.953818,"Delay":0,"Size":89}
{"TimeStamp":1631589823.014885,"Delay":0.0009975433349609375,"Size":90}
{"TimeStamp":1631589823.231156,"Delay":0.0038840770721435547,"Size":89}
{"TimeStamp":1631589823.529671,"Delay":0.005067110061645508,"Size":90}
{"TimeStamp":1631589823.529671,"Delay":0.025089502334594727,"Size":90}
