{"TimeStamp":1631588917.2028463,"Delay":1.0088491439819336,"Size":90}
{"TimeStamp":1631588917.6766675,"Delay":0.0006284713745117188,"Size":89}
{"TimeStamp":1631588918.2052374,"Delay":0,"Size":90}
{"TimeStamp":1631588919.9324236,"Delay":0.011543750762939453,"Size":90}
{"TimeStamp":1631588920.1423676,"Delay":0,"Size":90}
{"TimeStamp":1631588920.394609,"Delay":1.0130136013031006,"Size":90}
{"TimeStamp":1631588921.0071619,"Delay":0,"Size":90}
{"TimeStamp":1631588921.4135199,"Delay":0.0003857612609863281,"Size":89}
{"TimeStamp":1631588921.9601498,"Delay":0,"Size":90}
{"TimeStamp":1631588924.8776956,"Delay":0.0003948211669921875,"Size":90}
{"TimeStamp":1631588925.0639782,"Delay":0,"Size":90}
{"TimeStamp":1631588925.0800147,"Delay":0.0005371570587158203,"Size":90}
{"TimeStamp":1631588925.9328666,"Delay":0.00020551681518554688,"Size":89}
{"TimeStamp":1631588926.7017696,"Delay":0.0004699230194091797,"Size":90}
{"TimeStamp":1631588928.9322617,"Delay":0.0003666877746582031,"Size":89}
{"TimeStamp":1631588929.2267287,"Delay":0.0007841587066650391,"Size":90}
{"TimeStamp":1631588929.366379,"Delay":0.0003483295440673828,"Size":90}
{"TimeStamp":1631588930.1162875,"Delay":0.0002617835998535156,"Size":90}
{"TimeStamp":1631588930.6034012,"Delay":0.00037217140197753906,"Size":89}
{"TimeStamp":1631588930.965087,"Delay":0.00014853477478027344,"Size":90}
{"TimeStamp":1631588931.0122783,"Delay":0.00027871131896972656,"Size":90}
{"TimeStamp":1631588931.5565097,"Delay":0.0003292560577392578,"Size":90}
{"TimeStamp":1631588931.5565097,"Delay":0.0003292560577392578,"Size":90}
{"TimeStamp":1631588931.7304559,"Delay":0.00030303001403808594,"Size":90}
{"TimeStamp":1631588931.9943616,"Delay":0,"Size":90}
{"TimeStamp":1631588933.1104496,"Delay":0.00045680999755859375,"Size":90}
{"TimeStamp":1631588933.3167572,"Delay":0.0002982616424560547,"Size":89}
{"TimeStamp":1631588933.642244,"Delay":0.0002715587615966797,"Size":90}
{"TimeStamp":1631588934.0007415,"Delay":0.0004105567932128906,"Size":89}
{"TimeStamp":1631588934.7570963,"Delay":0.0003464221954345703,"Size":90}
{"TimeStamp":1631588935.787814,"Delay":0.0003707408905029297,"Size":90}
{"TimeStamp":1631588937.006307,"Delay":0.00043892860412597656,"Size":89}
{"TimeStamp":1631588937.9087675,"Delay":0.0009062290191650391,"Size":90}
{"TimeStamp":1631588938.3765836,"Delay":0.0004515647888183594,"Size":89}
{"TimeStamp":1631588939.5762832,"Delay":0,"Size":90}
{"TimeStamp":1631588939.714246,"Delay":0,"Size":89}
{"TimeStamp":1631588940.462298,"Delay":0.0004239082336425781,"Size":89}
{"TimeStamp":1631588940.6208127,"Delay":0.0004076957702636719,"Size":89}
{"TimeStamp":1631588941.3303258,"Delay":0.00040912628173828125,"Size":90}
{"TimeStamp":1631588941.4555688,"Delay":0.0004868507385253906,"Size":89}
{"TimeStamp":1631588942.01994,"Delay":0,"Size":88}
{"TimeStamp":1631588942.9802563,"Delay":0.0005087852478027344,"Size":90}
{"TimeStamp":1631588943.1644723,"Delay":0,"Size":90}
{"TimeStamp":1631588944.2496834,"Delay":0.0003561973571777344,"Size":90}
{"TimeStamp":1631588944.5613668,"Delay":0.0003643035888671875,"Size":90}
{"TimeStamp":1631588945.4277172,"Delay":0.00039696693420410156,"Size":90}
{"TimeStamp":1631588945.7304215,"Delay":0.0024709701538085938,"Size":90}
{"TimeStamp":1631588945.883741,"Delay":0,"Size":89}
{"TimeStamp":1631588946.1306512,"Delay":0.00031065940856933594,"Size":90}
{"TimeStamp":1631588946.48311,"Delay":0.00039696693420410156,"Size":89}
{"TimeStamp":1631588946.6841078,"Delay":0.0002770423889160156,"Size":90}
{"TimeStamp":1631588947.6138847,"Delay":0,"Size":90}
{"TimeStamp":1631588947.6763031,"Delay":0.0004258155822753906,"Size":90}
{"TimeStamp":1631588948.0842865,"Delay":0,"Size":90}
{"TimeStamp":1631588948.2397497,"Delay":0.0004322528839111328,"Size":90}
{"TimeStamp":1631588948.7649686,"Delay":0,"Size":90}
{"TimeStamp":1631588949.9931052,"Delay":0.00027871131896972656,"Size":90}
{"TimeStamp":1631588951.0648801,"Delay":0,"Size":90}
{"TimeStamp":1631588952.512814,"Delay":0.0003426074981689453,"Size":90}
{"TimeStamp":1631588953.0739589,"Delay":0.0004012584686279297,"Size":90}
{"TimeStamp":1631588954.10766,"Delay":0.0006232261657714844,"Size":90}
{"TimeStamp":1631588954.1235638,"Delay":0.0009064674377441406,"Size":90}
{"TimeStamp":1631588954.3264575,"Delay":0.0003943443298339844,"Size":90}
{"TimeStamp":1631588956.3287394,"Delay":0.0028061866760253906,"Size":90}
{"TimeStamp":1631588956.3735526,"Delay":0,"Size":90}
{"TimeStamp":1631588957.5417798,"Delay":0.0003616809844970703,"Size":89}
{"TimeStamp":1631588957.6811574,"Delay":0.00046753883361816406,"Size":90}
{"TimeStamp":1631588957.7920988,"Delay":0.0005590915679931641,"Size":90}
{"TimeStamp":1631588957.854059,"Delay":0,"Size":89}
{"TimeStamp":1631588958.2161915,"Delay":0.0004868507385253906,"Size":90}
