{"TimeStamp":1631588848.8159568,"Delay":0.09097576141357422,"Size":179}
{"TimeStamp":1631588848.8159568,"Delay":1.043433666229248,"Size":179}
{"TimeStamp":1631588849.847144,"Delay":0.0005908012390136719,"Size":89}
{"TimeStamp":1631588852.5684521,"Delay":0.0004425048828125,"Size":90}
{"TimeStamp":1631588852.8797994,"Delay":0.000347137451171875,"Size":90}
{"TimeStamp":1631588852.9590209,"Delay":0.0004038810729980469,"Size":89}
{"TimeStamp":1631588853.2238033,"Delay":0.0003688335418701172,"Size":90}
{"TimeStamp":1631588855.3356738,"Delay":0,"Size":90}
{"TimeStamp":1631588855.5990312,"Delay":0.000370025634765625,"Size":90}
{"TimeStamp":1631588859.6166987,"Delay":0.0007178783416748047,"Size":90}
{"TimeStamp":1631588863.0567708,"Delay":0.00044226646423339844,"Size":90}
{"TimeStamp":1631588863.370524,"Delay":0.00037217140197753906,"Size":90}
{"TimeStamp":1631588865.6878445,"Delay":0,"Size":90}
{"TimeStamp":1631588866.8965364,"Delay":0.0004222393035888672,"Size":89}
{"TimeStamp":1631588868.7535546,"Delay":0.00024890899658203125,"Size":90}
{"TimeStamp":1631588868.9255593,"Delay":0,"Size":90}
{"TimeStamp":1631588869.2223303,"Delay":0.0002751350402832031,"Size":90}
{"TimeStamp":1631588870.273668,"Delay":0.0004367828369140625,"Size":90}
{"TimeStamp":1631588870.8952312,"Delay":0,"Size":90}
{"TimeStamp":1631588871.5311844,"Delay":0.0009965896606445312,"Size":90}
{"TimeStamp":1631588871.7151127,"Delay":0.0009980201721191406,"Size":90}
{"TimeStamp":1631588873.91729,"Delay":0.0003998279571533203,"Size":90}
{"TimeStamp":1631588874.07303,"Delay":0.0003085136413574219,"Size":90}
{"TimeStamp":1631588874.8081422,"Delay":0.0003719329833984375,"Size":90}
{"TimeStamp":1631588875.3988905,"Delay":0.0001819133758544922,"Size":90}
{"TimeStamp":1631588876.0044477,"Delay":0,"Size":90}
{"TimeStamp":1631588876.6462283,"Delay":0.0002808570861816406,"Size":90}
{"TimeStamp":1631588877.1282237,"Delay":0.0004127025604248047,"Size":89}
{"TimeStamp":1631588877.362338,"Delay":0,"Size":89}
{"TimeStamp":1631588877.4420755,"Delay":0.000446319580078125,"Size":90}
{"TimeStamp":1631588878.7950664,"Delay":0,"Size":90}
{"TimeStamp":1631588879.9618418,"Delay":0.0005102157592773438,"Size":90}
{"TimeStamp":1631588880.91185,"Delay":0.00031495094299316406,"Size":89}
{"TimeStamp":1631588882.5460699,"Delay":0.06758356094360352,"Size":90}
{"TimeStamp":1631588882.5460699,"Delay":0.9757547378540039,"Size":90}
{"TimeStamp":1631588882.6194637,"Delay":0.0004780292510986328,"Size":90}
{"TimeStamp":1631588884.8082652,"Delay":0.0003917217254638672,"Size":90}
{"TimeStamp":1631588886.138411,"Delay":0.0006189346313476562,"Size":89}
{"TimeStamp":1631588886.6355557,"Delay":0,"Size":90}
{"TimeStamp":1631588886.8836226,"Delay":0.0006113052368164062,"Size":90}
{"TimeStamp":1631588886.9604082,"Delay":0,"Size":90}
{"TimeStamp":1631588887.1186013,"Delay":0.0005967617034912109,"Size":90}
{"TimeStamp":1631588887.1967435,"Delay":0.0005276203155517578,"Size":90}
{"TimeStamp":1631588888.3748162,"Delay":0,"Size":90}
{"TimeStamp":1631588888.982719,"Delay":0.00020074844360351562,"Size":90}
{"TimeStamp":1631588889.2834299,"Delay":0.0004322528839111328,"Size":90}
{"TimeStamp":1631588889.597422,"Delay":0.0002288818359375,"Size":89}
{"TimeStamp":1631588889.8140373,"Delay":0,"Size":90}
{"TimeStamp":1631588890.4812334,"Delay":0.0005459785461425781,"Size":90}
{"TimeStamp":1631588890.5284271,"Delay":0.0001971721649169922,"Size":88}
{"TimeStamp":1631588890.7770958,"Delay":0.00027060508728027344,"Size":90}
{"TimeStamp":1631588890.917238,"Delay":0.0004353523254394531,"Size":90}
{"TimeStamp":1631588890.9795039,"Delay":0,"Size":90}
{"TimeStamp":1631588891.2607512,"Delay":0.00043654441833496094,"Size":90}
{"TimeStamp":1631588891.8992875,"Delay":0.000713348388671875,"Size":89}
{"TimeStamp":1631588893.237835,"Delay":0.0002067089080810547,"Size":90}
{"TimeStamp":1631588894.0497198,"Delay":0.0003752708435058594,"Size":90}
{"TimeStamp":1631588894.6074247,"Delay":0.0003097057342529297,"Size":89}
{"TimeStamp":1631588895.6144717,"Delay":0,"Size":90}
{"TimeStamp":1631588895.7875576,"Delay":0.0003571510314941406,"Size":90}
{"TimeStamp":1631588895.8188367,"Delay":0.0006570816040039062,"Size":90}
{"TimeStamp":1631588896.1446846,"Delay":0,"Size":90}
{"TimeStamp":1631588896.6470072,"Delay":0.00028777122497558594,"Size":90}
{"TimeStamp":1631588897.1896062,"Delay":0.0003228187561035156,"Size":90}
{"TimeStamp":1631588897.3003242,"Delay":0.0003592967987060547,"Size":89}
{"TimeStamp":1631588897.4409788,"Delay":0.0003371238708496094,"Size":90}
{"TimeStamp":1631588898.125982,"Delay":0.000385284423828125,"Size":90}
{"TimeStamp":1631588898.2676415,"Delay":0,"Size":90}
{"TimeStamp":1631588898.2832932,"Delay":0.0003972053527832031,"Size":89}
{"TimeStamp":1631588898.74396,"Delay":0,"Size":88}
{"TimeStamp":1631588899.188656,"Delay":0.0004355907440185547,"Size":90}
{"TimeStamp":1631588899.5915341,"Delay":0.0004980564117431641,"Size":89}
{"TimeStamp":1631588900.479983,"Delay":0.0006403923034667969,"Size":90}
{"TimeStamp":1631588901.8625715,"Delay":0.00034117698669433594,"Size":90}
{"TimeStamp":1631588901.8625715,"Delay":0.00034117698669433594,"Size":90}
