{"TimeStamp":1631650373.1188126,"Delay":0.6027672290802002,"Size":90}
{"TimeStamp":1631650373.7775784,"Delay":0.00041222572326660156,"Size":90}
{"TimeStamp":1631650375.6165788,"Delay":0.6284205913543701,"Size":90}
{"TimeStamp":1631650376.5535138,"Delay":0.6164443492889404,"Size":90}
{"TimeStamp":1631650376.7162142,"Delay":0.0003871917724609375,"Size":89}
{"TimeStamp":1631650376.7473712,"Delay":0.000362396240234375,"Size":90}
{"TimeStamp":1631650376.8109877,"Delay":0.00042128562927246094,"Size":90}
{"TimeStamp":1631650377.1375208,"Delay":0.00031685829162597656,"Size":89}
{"TimeStamp":1631650378.5368505,"Delay":0.0004038810729980469,"Size":90}
{"TimeStamp":1631650379.0222151,"Delay":0,"Size":90}
{"TimeStamp":1631650379.1327312,"Delay":0,"Size":90}
{"TimeStamp":1631650380.5840414,"Delay":0.0003795623779296875,"Size":90}
{"TimeStamp":1631650380.6618252,"Delay":0,"Size":90}
{"TimeStamp":1631650380.6927588,"Delay":0.00037026405334472656,"Size":90}
{"TimeStamp":1631650380.7077289,"Delay":0.0003151893615722656,"Size":90}
{"TimeStamp":1631650381.5659864,"Delay":0,"Size":90}
{"TimeStamp":1631650381.5821683,"Delay":0.00043010711669921875,"Size":90}
{"TimeStamp":1631650382.1879778,"Delay":0.0004100799560546875,"Size":90}
{"TimeStamp":1631650383.1050968,"Delay":0.0003361701965332031,"Size":90}
{"TimeStamp":1631650383.4637887,"Delay":0.0002856254577636719,"Size":90}
{"TimeStamp":1631650383.9153624,"Delay":0,"Size":90}
{"TimeStamp":1631650384.475169,"Delay":0,"Size":89}
{"TimeStamp":1631650384.5684779,"Delay":0,"Size":90}
{"TimeStamp":1631650385.1113582,"Delay":0.0002751350402832031,"Size":89}
{"TimeStamp":1631650386.561331,"Delay":0.00027632713317871094,"Size":90}
{"TimeStamp":1631650386.7003443,"Delay":0.00033855438232421875,"Size":90}
{"TimeStamp":1631650387.818788,"Delay":0.0003535747528076172,"Size":90}
{"TimeStamp":1631650387.9902678,"Delay":0.0006470680236816406,"Size":90}
{"TimeStamp":1631650388.394064,"Delay":0.0006346702575683594,"Size":90}
{"TimeStamp":1631650388.7681537,"Delay":0.0003628730773925781,"Size":90}
{"TimeStamp":1631650389.471214,"Delay":0,"Size":89}
{"TimeStamp":1631650389.8440716,"Delay":0,"Size":90}
{"TimeStamp":1631650390.0008993,"Delay":0.0005252361297607422,"Size":89}
{"TimeStamp":1631650390.308241,"Delay":0.00034880638122558594,"Size":89}
{"TimeStamp":1631650391.490245,"Delay":0.0003724098205566406,"Size":90}
{"TimeStamp":1631650392.3872826,"Delay":0.0002911090850830078,"Size":90}
{"TimeStamp":1631650392.497048,"Delay":0.00020694732666015625,"Size":89}
{"TimeStamp":1631650392.9476824,"Delay":0.0002589225769042969,"Size":90}
{"TimeStamp":1631650393.0092354,"Delay":0.0003924369812011719,"Size":89}
{"TimeStamp":1631650393.195136,"Delay":0,"Size":89}
{"TimeStamp":1631650394.53207,"Delay":0.00047469139099121094,"Size":90}
{"TimeStamp":1631650394.5620818,"Delay":0.00029587745666503906,"Size":89}
{"TimeStamp":1631650394.9664483,"Delay":0.0003142356872558594,"Size":89}
{"TimeStamp":1631650395.0756521,"Delay":0,"Size":90}
{"TimeStamp":1631650396.07357,"Delay":0.00031685829162597656,"Size":90}
{"TimeStamp":1631650396.869951,"Delay":0.0002536773681640625,"Size":90}
{"TimeStamp":1631650400.6389515,"Delay":0.0004744529724121094,"Size":89}
{"TimeStamp":1631650400.8885345,"Delay":0,"Size":90}
{"TimeStamp":1631650402.1003537,"Delay":0.0003020763397216797,"Size":90}
{"TimeStamp":1631650402.239111,"Delay":0.0004489421844482422,"Size":89}
{"TimeStamp":1631650402.409806,"Delay":0.00033855438232421875,"Size":90}
{"TimeStamp":1631650403.7626486,"Delay":0.00036454200744628906,"Size":89}
{"TimeStamp":1631650403.8584354,"Delay":0.00026988983154296875,"Size":90}
{"TimeStamp":1631650404.683172,"Delay":0.00029397010803222656,"Size":89}
{"TimeStamp":1631650405.4441588,"Delay":0.0004029273986816406,"Size":90}
{"TimeStamp":1631650406.2233067,"Delay":0.0005924701690673828,"Size":90}
{"TimeStamp":1631650406.6757681,"Delay":0,"Size":90}
{"TimeStamp":1631650406.7525826,"Delay":0.0002892017364501953,"Size":90}
{"TimeStamp":1631650407.0163567,"Delay":0.0002865791320800781,"Size":90}
{"TimeStamp":1631650407.249819,"Delay":0.0003795623779296875,"Size":90}
{"TimeStamp":1631650408.2583823,"Delay":0.0003955364227294922,"Size":90}
{"TimeStamp":1631650409.0361474,"Delay":0.0002980232238769531,"Size":90}
{"TimeStamp":1631650409.1609454,"Delay":0.00029158592224121094,"Size":90}
{"TimeStamp":1631650410.6035502,"Delay":0.00037789344787597656,"Size":90}
{"TimeStamp":1631650411.4743123,"Delay":0.00027561187744140625,"Size":90}
{"TimeStamp":1631650412.0514045,"Delay":0.0005326271057128906,"Size":90}
{"TimeStamp":1631650412.0514045,"Delay":0.0005326271057128906,"Size":90}
{"TimeStamp":1631650412.1282308,"Delay":0.0004436969757080078,"Size":89}
{"TimeStamp":1631650412.6853366,"Delay":0,"Size":90}
{"TimeStamp":1631650413.2614813,"Delay":0.0003190040588378906,"Size":90}
{"TimeStamp":1631650414.1825702,"Delay":0.0004930496215820312,"Size":90}
{"TimeStamp":1631650414.44974,"Delay":0.00051116943359375,"Size":90}
{"TimeStamp":1631650414.65543,"Delay":0,"Size":88}
{"TimeStamp":1631650415.048592,"Delay":0.0004000663757324219,"Size":89}
{"TimeStamp":1631650415.5771272,"Delay":0.00027441978454589844,"Size":90}
{"TimeStamp":1631650415.6240578,"Delay":0.0003261566162109375,"Size":90}
{"TimeStamp":1631650416.1543717,"Delay":0.00029754638671875,"Size":90}
{"TimeStamp":1631650416.7020652,"Delay":0.00030040740966796875,"Size":90}
{"TimeStamp":1631650416.9049459,"Delay":0.0002346038818359375,"Size":90}
{"TimeStamp":1631650417.2965994,"Delay":0,"Size":90}
{"TimeStamp":1631650417.576256,"Delay":0,"Size":89}
{"TimeStamp":1631650418.202519,"Delay":0.0004520416259765625,"Size":89}
{"TimeStamp":1631650418.8993955,"Delay":0.0004718303680419922,"Size":90}
{"TimeStamp":1631650419.9444344,"Delay":0.0002512931823730469,"Size":89}
{"TimeStamp":1631650420.8656893,"Delay":0,"Size":90}
{"TimeStamp":1631650421.4871368,"Delay":0.00030303001403808594,"Size":90}
{"TimeStamp":1631650421.659475,"Delay":0.0003838539123535156,"Size":90}
{"TimeStamp":1631650422.5043464,"Delay":0.00045037269592285156,"Size":89}
{"TimeStamp":1631650423.6579423,"Delay":0,"Size":90}
{"TimeStamp":1631650424.0807931,"Delay":0.0003247261047363281,"Size":90}
{"TimeStamp":1631650424.59443,"Delay":0.00032973289489746094,"Size":90}
{"TimeStamp":1631650425.6215072,"Delay":0.0006036758422851562,"Size":90}
{"TimeStamp":1631650426.7693346,"Delay":0.0003414154052734375,"Size":90}
{"TimeStamp":1631650427.0020921,"Delay":0.00038313865661621094,"Size":89}
{"TimeStamp":1631650428.8885846,"Delay":0.00027751922607421875,"Size":89}
{"TimeStamp":1631650429.1418655,"Delay":0.00029158592224121094,"Size":89}
{"TimeStamp":1631650429.3444636,"Delay":0.000308990478515625,"Size":90}
{"TimeStamp":1631650429.5325205,"Delay":0.0004734992980957031,"Size":89}
{"TimeStamp":1631650431.7104208,"Delay":0.0002846717834472656,"Size":90}
{"TimeStamp":1631650434.7006454,"Delay":0.0004172325134277344,"Size":90}
{"TimeStamp":1631650436.238789,"Delay":0.0003826618194580078,"Size":90}
{"TimeStamp":1631650438.213704,"Delay":0,"Size":89}
{"TimeStamp":1631650439.8335645,"Delay":0.00040531158447265625,"Size":90}
{"TimeStamp":1631650439.9413595,"Delay":0.0005061626434326172,"Size":90}
{"TimeStamp":1631650441.671073,"Delay":0.0003173351287841797,"Size":90}
{"TimeStamp":1631650442.650065,"Delay":0.0003154277801513672,"Size":90}
{"TimeStamp":1631650443.1946664,"Delay":0.0004317760467529297,"Size":90}
{"TimeStamp":1631650443.6477907,"Delay":0.0003666877746582031,"Size":89}
{"TimeStamp":1631650444.6437087,"Delay":0.0002377033233642578,"Size":89}
{"TimeStamp":1631650445.0638273,"Delay":0.00027108192443847656,"Size":90}
{"TimeStamp":1631650445.2811222,"Delay":0.000415802001953125,"Size":90}
{"TimeStamp":1631650445.5151846,"Delay":0,"Size":90}
{"TimeStamp":1631650447.0146945,"Delay":0.00044083595275878906,"Size":90}
{"TimeStamp":1631650447.306473,"Delay":0.0004930496215820312,"Size":88}
{"TimeStamp":1631650447.9809523,"Delay":0.0002665519714355469,"Size":90}
{"TimeStamp":1631650448.1190538,"Delay":0,